<?xml version="1.0" encoding="UTF-8"?>
<!DOCTYPE mapper
PUBLIC "-//mybatis.org//DTD Mapper 3.0//EN"
"http://mybatis.org/dtd/mybatis-3-mapper.dtd">

<mapper namespace="org.kangnam.mapper.lockifmListMapper">

	<!-- 현재 월 회원인 유저 출력 리스트 -->
	<select id="lockList" resultType="org.kangnam.domain.LockifmListVO">
		<![CDATA[
			SELECT LC_NM, MEM_NM, MON_MEM_END_DD
			FROM LC_VW
		]]>
	</select>

	<!-- 현재 사용중인 인원 리스트 -->
	<select id="cntList" resultType="org.kangnam.domain.LockifmListVO">
		<![CDATA[
			SELECT MEM_DVS, CNT
			FROM MEM_COUNT_VW
		]]>
	</select>

	<!-- 현재 사용중인 인원 리스트 -->
	<select id="totList" resultType="org.kangnam.domain.LockifmListVO">
		<![CDATA[
			SELECT SUM(CNT) AS TOT
			FROM MEM_COUNT_VW
		]]>
	</select>

	<select id="listAll" resultType="org.kangnam.domain.LockifmListVO">
 <![CDATA[
 SELECT LC_NM , MEM_NM, MON_MEM_END_DD
FROM lc_vw
 where LC_NM > 0 

 ]]>
	</select>

	<select id="listPage" resultType="LockifmListVO">
 <![CDATA[
  SELECT LC_NM , MEM_NM, MON_MEM_END_DD
FROM lc_vw
 where LC_NM > 0 
 limit #{page}, 20
 ]]>
	</select>






</mapper>