<?xml version="1.0" encoding="UTF-8"?>
<!DOCTYPE mapper
PUBLIC "-//mybatis.org//DTD Mapper 3.0//EN"
"http://mybatis.org/dtd/mybatis-3-mapper.dtd">

<mapper namespace="org.kangnam.mapper.NotebookMapper">


	<select id="ntbkList" resultType="org.kangnam.domain.NotebookVO">
		<![CDATA[
			SELECT NTBK_SQ, NTBK_NM
			FROM ntbk_tb
		]]>
	</select>

	<select id="ntbk" resultType="org.kangnam.domain.NotebookVO">
		<![CDATA[
			SELECT NTBK_SQ, MEM_SQ, NTBK_RNT_STRT_DT
			FROM ntbk_rnt_tb
		]]>
	</select>

	<insert id="create">
		insert into ntbk_rnt_tb (ADMN_ID,MEM_SQ,NTBK_SQ,NTBK_RNT_STRT_DT)
		values(#{admn_id},#{mem_sq},#{ntbk_sq},CURDATE())
	</insert>

	<select id="read" resultType="org.kangnam.domain.NotebookVO">
		SELECT NTBK_RNT_SQ,MEM_SQ,NTBK_SQ
		FROM ntbk_rnt_tb
		where NTBK_RNT_SQ = #{ntbk_rnt_sq}
	</select>

	<update id="update">
		update ntbk_rnt_tb set NTBK_RNT_END_DT= CURDATE()
		where NTBK_RNT_SQ = #{ntbk_rnt_sq}
	</update>

	<delete id="delete">
		delete from ntbk_rnt_tb where NTBK_RNT_SQ = #{ntbk_rnt_sq}
	</delete>

	<select id="listAll" resultType="org.kangnam.domain.NotebookVO">
 <![CDATA[
 SELECT MEM_SQ,NTBK_SQ,NTBK_RNT_STRT_DT,NTBK_RNT_END_DT
FROM ntbk_rnt_tb
 where NTBK_RNT_SQ > 0 
 order by NTBK_RNT_SQ desc
 ]]>
	</select>

	<select id="listPage" resultType="NotebookVO">
 <![CDATA[
 SELECT MEM_SQ,NTBK_SQ,NTBK_RNT_STRT_DT,NTBK_RNT_END_DT
FROM ntbk_rnt_tb
 where NTBK_RNT_SQ > 0 
 order by NTBK_RNT_SQ desc
 limit #{page}, 20
 ]]>
	</select>

	<select id="listCriteria" resultType="NotebookVO">
 <![CDATA[
  SELECT MEM_SQ,NTBK_SQ,NTBK_RNT_STRT_DT,NTBK_RNT_END_DT
FROM ntbk_rnt_tb
 where NTBK_RNT_SQ > 0 
 order by NTBK_RNT_SQ desc
 limit #{pageStart}, #{perPageNum}
 ]]>
	</select>



	<select id="countPaging" resultType="int">
 <![CDATA[
 select 
   count(NTBK_RNT_SQ) 
 from 
   ntbk_rnt_tb
 where 
   NTBK_RNT_SQ > 0 
 ]]>
	</select>



	<sql id="search">
		<if test="searchType != null">
			<if test="searchType == 't'.toString()">
				and MEM_SQ like CONCAT('%', #{keyword}, '%')
			</if>
			<if test="searchType == 'c'.toString()">
				and NTBK_SQ like CONCAT('%', #{keyword}, '%')
			</if>
		</if>
	</sql>

	<select id="listSearch" resultType="NotebookVO">
<![CDATA[  
  select * 
  from ntbk_rnt_tb
  where NTBK_RNT_SQ > 0 
]]>

		<include refid="search"></include>
  
<![CDATA[    
  order by NTBK_RNT_SQ desc
  limit #{pageStart}, #{perPageNum}
]]>
	</select>

	<select id="listSearchCount" resultType="int">
<![CDATA[  
  select count(NTBK_RNT_SQ) 
  from ntbk_rnt_tb
  where NTBK_RNT_SQ > 0 
]]>
		<include refid="search"></include>

	</select>



</mapper>

